timestamp,avg_hr,rmssd,acc_mag
1777219020000,78.82692307692308,9.013617414883166,9.970878858229492
1777219080000,87.28888888888889,8.20372390238927,8.225142976857368
1777219140000,90.30508474576271,8.528722797817151,9.591595606385635
1777219200000,93.71153846153847,8.473115350637697,NaN
1777219260000,75.70588235294117,12.07403728555831,9.694043246455212
1777219320000,67.83018867924528,11.316154618337157,9.863483101686557
1777219380000,72.23728813559322,13.012922365991937,10.115144018686241
1777219440000,69.43103448275862,12.916885204840861,9.917070514630455
1777219500000,84.93333333333334,14.846735126799073,9.760488529491079
1777219560000,80.68181818181819,13.6835240677436,10.780565578066042
1777219620000,78.10344827586206,9.08285339539374,9.789997202858014
1777219800000,70.47368421052632,7.397903151391599,NaN
1777219680000,68.8135593220339,13.581476741798102,NaN
1777219740000,68.36666666666666,6.6946560047382455,NaN
1777219860000,78.84615384615384,16.997079890312225,10.466442787267537
1777219980000,86.89473684210526,8.218916510582218,10.265957841990598
1777220040000,81.35593220338983,8.53131040096226,9.680022418603993
1777220100000,81.64285714285714,8.943137369930009,9.699332600223883
1777220160000,88.10344827586206,8.136976346338264,9.73016202356272
1777220220000,84.0677966101695,6.328105443807447,NaN
1777220280000,84.49090909090908,7.84714550852037,9.919280071254612
1777220460000,80.96610169491525,7.2194433991554625,9.72675747233857
1777220520000,71.38333333333334,10.15130861479947,9.715048327284062
1777220640000,82.0677966101695,6.164629625341365,9.8148755378996
1777220760000,78.13333333333334,10.836703885979103,9.390144006491344
1777220820000,79.51666666666667,9.47150331479105,9.69888365309178
1777220880000,76.16666666666667,6.199892873156335,9.5716752059166
1777220340000,80.28333333333333,8.675899021509371,NaN
1777220400000,74.98305084745763,9.592145129270502,NaN
1777220700000,82.7457627118644,8.210008705106864,9.87279888867568
1777220580000,77.89655172413794,15.114578979609359,NaN
1777220880000,75.525,11.22174996029874,9.407532259206333
1777221000000,76.46666666666667,5.977563283438516,9.58026065063684
1777221120000,74.3,10.528501217430472,9.424593312291194
1777221180000,72.88333333333334,4.163317811238088,9.41300919438184
1777220940000,75.58333333333333,8.355698036298815,NaN
1777221060000,75.38333333333334,5.7997405615562725,NaN
1777221240000,64.08474576271186,34.03669433388482,9.85031246316271
1777221300000,77.1,13.593986639197706,9.629097115372952
1777221420000,82.46808510638297,7.398994852464773,10.26581450389821
1777221540000,71.73333333333333,9.066587877312344,9.70641935634307
1777221600000,73.72881355932203,11.314965827850992,9.486203555441765
1777221660000,72.01694915254237,7.6515554292469155,9.582576915984486
1777221780000,77.13559322033899,10.915569399587381,9.980622361482547
1777221480000,73.66666666666667,7.459765742429768,NaN
1777221720000,68.9,12.604463146327866,NaN
1777221840000,67.82758620689656,16.060324749380698,10.038650374060971
1777221900000,73.24074074074075,11.691842289440302,9.990289748398464
1777221960000,72.58333333333333,7.83955994375419,10.005056408816486
1777222080000,73.93333333333334,8.567873867730272,11.484804124679538
1777222140000,73.32203389830508,11.000560948513872,9.896334735370642
1777222320000,75.08333333333333,6.97584892295014,9.853929950036417
1777222380000,77.03389830508475,6.794074438183843,9.69121416883074
1777222440000,75.32203389830508,7.166259395664222,9.88529222025515
1777222020000,71.11864406779661,4.6414241524039825,NaN
1777222200000,73.56666666666666,10.453220787482058,NaN
1777222260000,75.2,5.0264160816706225,NaN
1777222500000,72.94915254237289,7.264310625891874,NaN
1777222560000,71.74545454545455,7.214019292040173,10.094456042170558
1777222620000,89.0,13.303976365238585,7.435077689508256
1777222680000,87.63414634146342,11.383459426042576,11.287079178150245
1777222800000,71.23333333333333,7.177411081235912,9.663514840795946
1777222920000,77.14035087719299,11.361868698238556,11.192138531595813
1777223100000,69.3,9.958872204743104,9.624718867090403
1777223160000,70.24561403508773,6.142157645547322,9.638255211827257
1777222740000,73.08474576271186,9.66135747498671,NaN
1777222860000,69.58333333333333,5.642357381191562,NaN
1777222980000,76.77966101694915,10.065058735758894,NaN
1777223040000,72.95,7.628000132208228,NaN
1777223340000,69.41666666666667,4.626365667736994,9.636421608303895
1777223520000,74.94827586206897,6.636064125780537,9.766227072974324
1777223640000,64.61666666666666,44.47878346898093,9.816881113161651
1777223460000,70.94915254237289,8.834368474593807,9.90708167926302
1777223220000,69.25,5.878584486413816,NaN
1777223280000,69.11666666666666,5.67651766511227,NaN
1777223400000,69.05,5.910864051996174,NaN
1777223580000,76.1864406779661,8.467172185861111,NaN
1777223700000,66.64285714285714,15.870112636105619,9.831119739394998
1777223760000,69.0677966101695,12.580000747086338,9.586736982365208
1777223820000,69.43103448275862,18.176912600725927,9.913351057857449
1777223880000,74.22033898305085,10.50761430900892,9.712598197744448
1777223940000,75.31666666666666,7.489031189002449,9.73305011478329
1777224000000,78.71186440677967,7.577946406881357,8.859701638513252
1777224060000,69.0677966101695,7.785530137675022,NaN
1777224120000,67.3,7.950316628256082,NaN
1777224180000,63.516666666666666,43.36605380611987,NaN
1777224240000,64.58333333333333,24.306219164497186,NaN
1777224300000,65.24561403508773,7.818570760714752,9.69869838305965
1777224420000,69.6,5.771132182375814,9.708621284460403
1777224540000,65.88333333333334,4.395632352750906,9.715116066554467
1777224900000,64.0,0.0,9.697725294148196
1777224840000,63.916666666666664,25.0096539117817,9.709824788161816
1777224360000,68.45,6.476813104687553,NaN
1777224600000,65.08333333333333,5.23115656360496,NaN
1777224480000,67.03333333333333,6.475446597092395,NaN
1777224660000,63.56666666666667,25.199366812957706,NaN
1777224720000,64.9,8.586324863069741,NaN
1777224780000,66.78333333333333,3.9745538905713054,NaN
1777224900000,64.27777777777777,7.449438794770392,9.684897273628776
1777224960000,65.35,5.8332442756089735,9.68906465222543
1777225020000,66.26666666666667,7.214999511443393,9.704711412673692
1777225080000,65.15,5.816636080619799,9.713623816790715
1777225200000,65.54237288135593,4.431742964066184,9.689036571092826
1777225140000,65.83333333333333,5.657947330474514,NaN
1777225260000,65.21666666666667,6.114862391413173,NaN
1777225320000,64.28333333333333,24.779952025237634,NaN
1777225380000,65.81666666666666,7.9530963582027,NaN
1777225440000,66.88333333333334,5.490436985908725,NaN
1777225500000,65.83928571428571,6.453605985465278,9.697813177244706
1777225560000,64.71666666666667,6.114862391413173,9.687211497395587
1777225740000,66.76666666666667,6.388813466167019,9.704156160929282
1777225680000,66.51666666666667,5.844474941883651,9.732818395645417
1777225800000,66.26666666666667,5.881459699111164,9.725785396045039
1777225860000,69.56666666666666,4.620158685733549,9.691803259778812
1777225980000,69.38333333333334,5.196323976761357,9.702921048054714
1777225920000,69.96666666666667,5.55217770669347,NaN
1777226040000,71.23333333333333,5.573917931339109,NaN
1777225620000,65.93333333333334,4.797167748939048,NaN
1777226100000,71.05172413793103,5.451721050569252,9.70134949212657
1777226160000,72.45,4.409041577690966,NaN
1777226280000,72.75,4.662857014659316,NaN
1777226340000,71.65,5.511081514904098,NaN
1777226220000,71.85,4.263152939719696,9.720601221498303
1777226400000,72.16981132075472,7.878060723663853,10.307827222424454
1777226460000,92.73333333333333,7.207741925180178,9.681627819552254
1777226520000,85.71111111111111,6.741892650316871,9.717831659791447
1777226580000,78.46428571428571,18.484644268679276,10.045305842421122
1777226640000,68.25,20.873864043108636,10.059151582365564
1777226700000,68.06666666666666,5.347451600795334,10.077953413491581
1777226760000,65.55,7.7854765190461865,10.070480904772426
1777226820000,64.08333333333333,27.623392718109944,10.099830520265472
1777226940000,66.7,6.256234262054252,10.049265477133922
1777227000000,67.3,6.6364152241162255,10.065879213877714
1777227060000,64.55,25.611500717793234,10.054458036968484
1777227180000,66.3125,4.8822064286861355,10.011239411320721
1777226880000,66.03333333333333,6.146668889875156,NaN
1777227120000,66.21666666666667,7.484461840936281,NaN
1777227180000,65.74418604651163,8.812168106091061,10.072505549365172
1777227240000,66.2,7.598942106535625,10.078340092099937
1777227300000,66.08771929824562,27.90854634551771,10.081286873346105
1777227480000,65.58333333333333,31.269361868375007,10.075385047490204
1777227600000,68.0,6.432775026139132,10.095357113317045
1777227720000,63.56666666666667,6.112377313139747,10.041734201882162
1777227780000,63.13333333333333,6.209198472680634,10.072495814935674
1777227840000,63.016666666666666,6.1694442219635945,10.083063000490363
1777227360000,69.1,6.409563591776106,NaN
1777227660000,66.05,6.904012136563092,NaN
1777227420000,69.0,7.237389471920942,10.07424781697716
1777227540000,67.8,5.765321706432193,NaN
1777227900000,63.5,5.79219961833007,10.059122402718677
1777228020000,63.416666666666664,5.6163548020076215,10.071769523186155
1777228140000,63.083333333333336,6.22748444813007,10.087554635730806
1777228200000,63.53333333333333,6.42831277911716,10.050153137342576
1777228440000,63.36666666666667,5.129340875036357,10.061766793211646
1777227960000,63.4,4.362455845502621,NaN
1777228080000,64.35,4.225714933955359,NaN
1777228260000,62.416666666666664,7.424655889670731,NaN
1777228320000,62.38333333333333,6.074551267182104,NaN
1777228380000,63.36666666666667,6.78680185065548,NaN
1777228500000,62.32142857142857,5.884670700344227,10.079410733602309
1777228620000,62.05,7.004143236732454,10.094835496851669
1777228740000,63.65,6.3598326287660365,10.083838823524122
1777228800000,62.06666666666667,6.349899970132993,10.084941049310407
1777228860000,63.36666666666667,6.098057714360869,10.066679729914608
1777228560000,63.3,7.343876757208569,NaN
1777228680000,63.13333333333333,5.878335393380442,NaN
1777228920000,62.083333333333336,6.4558998435705535,NaN
1777228980000,62.61666666666667,5.59257469061244,NaN
1777229040000,62.18333333333333,6.758019819355563,NaN
1777229100000,63.24561403508772,7.193338406635853,10.08094476779726
1777229340000,62.65,5.958335708854736,10.084218560918334
1777229400000,62.416666666666664,5.749847630710194,10.070702407652554
1777229580000,62.766666666666666,5.220830895045637,10.07115586594749
1777229640000,63.2,5.1972130418189755,10.061004544809226
1777229220000,62.95,7.338546204684037,NaN
1777229280000,62.4,5.685296146952622,NaN
1777229460000,62.4,6.393668275282084,NaN
1777229520000,62.233333333333334,7.479961835172095,NaN
1777229160000,62.333333333333336,5.341191806741528,NaN
1777229700000,61.964285714285715,7.971333813478295,10.088014219453566
1777229820000,62.31666666666667,7.544353135777835,10.046811418660814
1777229880000,62.15,6.008197783159203,10.079858425199236
1777229940000,62.38333333333333,6.348285742730042,10.070789174571402
1777230000000,62.31666666666667,5.2949245746453535,10.074403793788656
1777229760000,61.21666666666667,7.940152234179689,NaN
1777230060000,62.36666666666667,7.764918721431824,NaN
1777230120000,62.516666666666666,7.511142890473297,NaN
1777230180000,61.93333333333333,7.393012830265261,NaN
1777230240000,62.833333333333336,7.421894607263791,NaN
1777230300000,61.96491228070175,6.898183304399605,10.068770424227983
1777230360000,61.45,7.758513074149186,10.092153516838952
1777230480000,61.6,8.445018296814203,10.111967437619878
1777230600000,63.40909090909091,11.075834626240995,9.648517564484628
1777230780000,61.7,6.493900711855228,9.634223131102368
1777230840000,61.833333333333336,7.0220086060193445,9.637889354073918
1777230420000,62.166666666666664,6.452724019476067,NaN
1777230660000,60.85,11.979721149360259,NaN
1777230720000,59.11666666666667,8.705391885659456,NaN
1777230540000,61.63636363636363,8.709155520462238,NaN
1777230900000,61.839285714285715,5.157409654794081,9.657421886165631
1777230960000,61.733333333333334,7.996736332104768,9.661037030318896
1777231020000,61.65,7.1676873002658255,9.641705287544433
1777231140000,60.71666666666667,6.265796647412742,9.609739303175015
1777231200000,61.083333333333336,7.075704956565081,9.637702116348628
1777231320000,61.483333333333334,5.006207189504143,9.647409374005438
1777231080000,61.86666666666667,6.771879545625452,NaN
1777231260000,60.18333333333333,8.411781001272098,NaN
1777231440000,60.11666666666667,6.524203573254899,NaN
1777231380000,61.6,9.222406882237252,9.6732510317218
1777231500000,60.35,5.232573857860966,9.674339941561163
1777231560000,59.21666666666667,7.127479258388873,NaN
1777231620000,70.56862745098039,15.277477711608102,9.818194408336891
1777231740000,60.016666666666666,10.154527968706185,9.57103138208385
1777231800000,61.43333333333333,6.646559460210752,9.529070206274868
1777231860000,63.63333333333333,8.63386255132033,9.532886802335
1777231920000,73.6,6.839629528030389,NaN
1777232040000,71.13333333333334,5.254547760362858,9.55266354927711
1777231680000,63.0,9.07734291731615,NaN
1777231980000,74.46666666666667,4.850936676473548,9.565155914869543
1777232100000,70.63333333333334,7.409169195862368,9.569836068839164
1777232160000,65.03333333333333,9.006159344857634,NaN
1777232220000,63.32203389830509,15.523374622117727,10.033284505946002
1777232340000,66.21666666666667,6.439352044045935,NaN
1777232280000,60.21666666666667,7.157861959287522,10.008976370097745
1777232400000,68.42857142857143,13.650599798629491,10.178986639164815
1777232460000,62.81666666666667,9.780613171431373,9.643320475250652
1777232580000,60.30508474576271,10.463916951507596,9.704187602218074
1777232700000,62.15,9.348326402126842,9.689756008178325
1777232520000,63.983333333333334,8.1287896422436,NaN
1777232640000,64.53333333333333,6.662831388319431,NaN
1777232760000,65.51666666666667,6.304349448797597,NaN
1777232820000,63.93181818181818,9.708944647298273,10.147640860751906
1777232940000,63.05769230769231,7.772879665326447,10.062402542080877
1777233000000,63.03333333333333,8.13868833896631,10.088455084981888
1777233180000,62.88333333333333,8.191440199928012,10.058086683214198
1777233120000,62.46666666666667,8.213140776744458,10.09202688526106
1777233240000,64.43333333333334,6.717075693433007,10.058536281699165
1777232880000,62.63157894736842,9.542646402997198,NaN
1777233060000,63.483333333333334,8.46542374115633,NaN
1777233300000,61.94736842105263,8.33463568941535,10.073795227870022
1777233480000,63.333333333333336,9.029809845733972,10.089361385406477
1777233600000,63.43333333333333,7.649189933851664,10.083683174368316
1777233660000,64.5,5.260791236958845,10.067785660206535
1777233900000,59.2,8.474576271186436,10.065274632019175
1777233420000,61.15,7.255309113994471,NaN
1777233540000,61.56666666666667,7.573246716074753,NaN
1777233780000,64.05,6.592742272271303,NaN
1777233720000,64.28333333333333,6.550249742037264,NaN
1777233360000,63.36666666666667,7.551220046654625,NaN
1777233840000,64.48333333333333,6.461872729454424,NaN
1777233900000,62.9622641509434,8.303934738274442,10.003169511137692
1777234020000,64.18333333333334,6.359832628766036,10.085484315899294
1777234080000,62.8,6.95878296936056,NaN
1777233960000,63.55,5.815210357264806,10.068549392809906
1777234140000,70.8409090909091,28.235273359419054,10.101392109833403
1777234260000,61.266666666666666,9.727006042884348,9.75289080665831
1777234440000,62.96666666666667,7.371291571872455,9.78219701028142
1777234200000,63.78333333333333,10.114532309641428,NaN
1777234320000,63.45,5.153269801293982,NaN
1777234380000,63.25,7.529798119969326,NaN
1777234560000,63.95,5.05871695872944,9.834391220137478
1777234620000,64.41666666666667,5.656323890713094,9.758827485718436
1777234680000,64.73333333333333,5.292760738464264,9.777964643616238
1777234860000,64.38333333333334,8.379458523010152,9.774753484908038
1777234980000,64.96666666666667,6.677598007616351,9.762589169065315
1777234740000,64.51666666666667,4.948481208384102,NaN
1777234800000,64.45,5.656323890713093,NaN
1777234920000,64.25,6.6113767477888254,NaN
1777235040000,64.7,4.578385775012017,NaN
1777234500000,62.089285714285715,7.89890960055344,9.739347385500384
1777235100000,64.50877192982456,6.689987699384411,9.769736099664527
1777235160000,65.2,4.928892653038185,9.805672695063922
1777235340000,65.33333333333333,6.631209401680866,9.793505729426101
1777235460000,64.58333333333333,6.230432008126382,9.797312277311969
1777235400000,65.08333333333333,6.32662530903509,9.785333040774624
1777235580000,64.83333333333333,4.996091970821066,9.74890680091962
1777235640000,64.11666666666666,6.05757412026106,9.773216820070385
1777235220000,65.15,5.274450942996057,NaN
1777235280000,65.1,6.091038348377353,NaN
1777235520000,63.93333333333333,7.79809882615088,NaN
1777235700000,65.16071428571429,6.3141567992565255,9.807572843501287
1777235760000,64.95,6.1650160178987194,9.791766711844845
1777235880000,63.81666666666667,6.6312382728126495,9.761973193197582
1777236000000,64.38333333333334,5.314201079484211,9.80432837652358
1777236060000,65.08333333333333,6.89092262121273,9.787914971425858
1777236120000,64.48333333333333,4.578385775012017,9.797893173143104
1777236180000,64.95,4.1482947654876,9.776271929910505
1777236240000,64.68333333333334,4.5765324873565145,9.846126265365552
1777236300000,66.0,0.0,9.773389491413862
1777235820000,64.85,5.615974198616566,NaN
1777235940000,64.78333333333333,7.002842719408105,NaN
1777236300000,65.65384615384616,6.722482045607076,9.799615844670901
1777236360000,64.11666666666666,6.319683592055442,9.752119295675316
1777236480000,63.3,7.039123483564131,9.798103850196535
1777236600000,63.81666666666667,10.164893150541486,9.730064007703739
1777236660000,63.68333333333333,9.442047122258348,9.734567186697218
1777236840000,63.46666666666667,7.218226385878645,9.772454640436079
1777236420000,64.51666666666667,5.2311565636049595,NaN
1777236540000,69.96428571428571,13.805039612210425,NaN
1777236720000,64.23333333333333,8.440667389258147,NaN
1777236780000,63.4,8.674458819492747,NaN
1777236960000,64.71666666666667,7.305150671332984,9.73279267245011
1777237080000,63.4,7.71002974545958,9.768329126443644
1777237140000,63.15,6.141612741909618,9.73516969819912
1777237200000,62.81666666666667,8.718145038293473,9.761539101736094
1777237260000,61.983333333333334,7.0830349291511,9.777767528070324
1777237320000,62.65,8.443175568994693,9.75642038384085
1777237500000,63.0,0.0,9.742362919431109
1777236900000,63.767857142857146,7.977731617067745,NaN
1777237020000,63.916666666666664,6.631238272812651,NaN
1777237380000,61.333333333333336,8.344862737707752,NaN
1777237440000,62.71666666666667,6.56403561333425,NaN
1777237500000,62.833333333333336,6.5287146215377145,9.71785974871541
1777237560000,62.61666666666667,7.945587628380057,9.750242382067222
1777237860000,67.21666666666667,6.918172236227088,9.775704455950384
1777237620000,63.516666666666666,6.472524567598511,NaN
1777237680000,62.13333333333333,8.379757805478663,NaN
1777237740000,65.3,6.951407760420112,NaN
1777237800000,64.66666666666667,6.477319616656086,9.755689057531603
1777238040000,66.86666666666666,5.782149934528477,9.756077165615812
1777237980000,64.41666666666667,7.291506459096342,NaN
1777237920000,71.375,11.582109227187301,9.953478317375975
1777238460000,69.6,5.815465586601332,10.084369865779024
1777238580000,69.5,7.24001193281619,10.05712898922249
1777238160000,66.25,6.191884886145884,9.694006451123949
1777238220000,67.51666666666667,7.411638477090967,NaN
1777238280000,67.33333333333333,5.765369734175486,9.694574467301436
1777238340000,72.58333333333333,23.285615908285617,NaN
1777238520000,68.51666666666667,4.98118031630635,NaN
1777238400000,70.25,5.553969178704659,10.053492627054842
1777238640000,69.86666666666666,5.261422473985932,NaN
1777238100000,66.98245614035088,7.783920915896132,9.689084984655944
1777238700000,69.58181818181818,9.667912787723951,10.077662373410664
1777238760000,65.7,8.766080585216152,9.69450272179286
1777239000000,66.62068965517241,8.661929100938949,9.711931978326243
1777239060000,67.76666666666667,4.832036799159358,9.700101829523694
1777239240000,69.95,7.882902248380692,9.657287495275368
1777238820000,67.43333333333334,7.428963314185456,NaN
1777238880000,62.766666666666666,31.190646452329272,NaN
1777238940000,65.18333333333334,4.949836318304458,NaN
1777239180000,71.42857142857143,5.961057397522537,NaN
1777239120000,70.86666666666666,5.1501588776003455,NaN
1777239360000,72.25,4.753094145713289,9.6433179414238
1777239480000,68.55,7.484962358119806,9.737537989246292
1777239540000,65.96610169491525,7.888149314090767,9.646648320152181
1777239660000,64.41666666666667,14.058299505294762,9.625365610633768
1777239900000,65.0,0.0,9.583786751898195
1777239300000,68.96428571428571,5.293865062318803,NaN
1777239420000,68.22413793103448,6.823446959168049,NaN
1777239600000,66.21666666666667,7.254827184198859,NaN
1777239720000,65.66101694915254,9.250685730077864,NaN
1777239780000,65.83333333333333,6.478737334858523,NaN
1777239840000,63.9,8.377527687496222,NaN
1777239900000,67.41509433962264,6.693222991748013,9.564145015266492
1777239960000,66.83333333333333,8.733338382740957,9.643977977148964
1777240020000,66.91666666666667,5.523497859521292,9.656735665282051
1777240140000,67.93333333333334,5.936011045941523,9.704716712681556
1777240260000,67.05,7.72782006612114,9.655387663095217
1777240200000,69.6,6.040987261550757,9.67948333017482
1777240380000,65.84210526315789,7.064359545521297,9.762854472631684
1777240440000,66.61666666666666,6.853908964717231,9.739593516941914
1777240080000,68.21666666666667,5.798191814519362,NaN
1777240320000,67.25,7.281339776720131,NaN
1777240560000,66.46666666666667,5.693543109448153,9.71769969918233
1777240680000,67.73333333333333,5.292495923734696,9.697906404093164
1777240740000,68.41666666666667,8.264358091010317,9.46095322498177
1777240800000,71.0909090909091,12.887107944828893,10.598258383665742
1777240500000,67.21428571428571,6.424429855272681,9.735659675756123
1777240860000,73.38333333333334,5.937395713840722,9.588217798304795
1777240920000,73.86666666666666,7.103854904805414,9.588105841685094
1777240620000,66.95,7.87332494569819,NaN
1777240980000,70.86666666666666,28.23383290983064,NaN
1777241040000,70.71666666666667,8.814864143472006,9.685309574691827
1777241100000,70.0,0.0,9.630656663303535
1777241160000,70.48,3.4850116852492414,9.68581062686515
1777241220000,67.5925925925926,10.765983699175553,9.729850748790938
1777241340000,67.83333333333333,8.329089535123018,9.764207459378135
1777241460000,69.31666666666666,7.6804157288545305,9.93649995008058
1777241520000,70.41666666666667,6.781573332093129,9.97692843035193
1777241400000,70.26666666666667,10.811611400776442,NaN
1777241580000,73.125,9.082137621740777,NaN
1777241640000,67.14545454545454,9.508618959036328,9.767546056248591
1777241700000,65.44642857142857,9.287093909324255,9.752820777153882
1777241880000,63.983333333333334,9.105671946887492,9.74963135686733
1777241760000,63.2,8.282682325247206,9.741764244011916
1777242060000,63.2,9.60715841220023,9.962613270843685
1777242120000,63.2,9.331067581379646,9.992277845595199
1777241820000,64.10714285714286,8.110444820344853,NaN
1777241940000,65.25,6.325402571479002,NaN
1777242000000,65.0,6.874630812603437,NaN
1777242180000,64.88333333333334,6.76323687788852,NaN
1777242240000,64.01666666666667,6.619449180585445,NaN
1777242300000,64.08474576271186,6.6212271335347745,9.930081526483653
1777242360000,64.28333333333333,7.387004644814613,9.951130685010032
1777242480000,64.0,7.021842862245499,9.954710391657969
1777242420000,64.38333333333334,6.265472852706943,NaN
1777242540000,64.23333333333333,5.981613796189556,NaN
1777242600000,66.05263157894737,11.812847852534812,9.793208196580602
1777242660000,67.40625,7.762602914742238,9.934357996479678
1777242780000,59.46666666666667,6.996217717040727,9.892131381654682
1777242840000,63.0,8.788866769200103,9.931768143517509
1777242720000,61.5,25.788632660427954,NaN
1777242900000,66.44827586206897,9.401877157358344,9.902133737912033
1777242960000,64.5,9.513037789349616,9.932956176627213
1777243020000,63.233333333333334,8.297655922933034,9.883489122712158
1777243080000,62.28333333333333,10.143253948050788,9.935508554174342
1777243140000,64.03508771929825,9.152097411789027,9.933663027226158
1777243260000,68.34482758620689,14.21807710109764,9.89005436124338
1777243200000,68.15,10.04012345441619,NaN
1777243320000,64.8,14.936730023243964,NaN
1777243380000,66.08333333333333,15.609826796706214,NaN
1777243440000,71.96153846153847,5.163181835889228,10.04265472609475
1777243560000,73.41666666666667,8.216016717068054,9.83333714713703
1777243620000,73.23333333333333,7.710524247510283,9.844829722795255
1777243800000,69.18333333333334,9.099423497767203,9.758806604060213
1777243860000,71.07142857142857,9.930910678409308,9.883735491516846
1777243920000,76.03333333333333,27.19025518298786,9.79708488762435
1777243500000,72.46666666666667,7.390667677159437,NaN
1777243680000,76.22413793103448,9.557891442905726,NaN
1777243740000,72.98214285714286,9.683074297945161,NaN
1777243980000,70.70270270270271,8.293240146874673,NaN
1777244040000,76.72727272727273,10.716967843410893,9.689576543415813
1777244100000,70.33333333333333,7.7513750155161825,9.666230904414654
1777244160000,75.52777777777777,11.157404369012482,10.01069363303399
1777244220000,77.76744186046511,6.288621703589745,9.87303137287128
1777244280000,72.375,11.84081737053485,9.902225505082944
1777244340000,72.11111111111111,3.915492811472836,9.533009347938265
1777244400000,72.3,3.805175038051781,10.080305628443627
1777244460000,72.33333333333333,6.883820652460413,9.8665642741621
1777244520000,72.5,11.415525114155344,9.459021508350567
1777244580000,73.85714285714286,8.956901989976346,10.715087915545128
1777244640000,81.85,9.036749211667784,9.750273078420765
1777244700000,87.17647058823529,7.054790932857453,12.802483937529589
1777244760000,96.11764705882354,7.900299315113299,10.735133448849693
1777246140000,69.51351351351352,22.05263067531739,11.012929433259295
1777246200000,74.0,0.0,10.863392805855971
1777246260000,76.2127659574468,7.399091103787203,10.441280145578688
1777246320000,95.66666666666667,21.370039406407923,10.69259413017297
1777246380000,105.13333333333334,2.5115704694171597,10.566922213275802
1777246980000,129.0,0.0,10.835812782063414
1777247040000,122.5909090909091,2.138196538330657,10.823227429190544
1777247100000,119.46341463414635,1.7310198895755669,11.305599878527891
1777247160000,111.66101694915254,1.7756422603057063,11.038145780720196
1777247220000,117.95652173913044,2.623203281830909,11.277401669050791
1777247280000,120.5625,2.813739570283933,10.006041429420064
1777247340000,115.0,2.539066912747148,9.86890460587654
1777247400000,105.68181818181819,8.690289801592229,9.768772548809258
1777247460000,99.3076923076923,4.301633994189406,9.074479155214675
1777247520000,97.0,6.974426563911661,9.873096646431565
1777247640000,95.9298245614035,3.3564272182585646,NaN
1777248180000,94.71428571428571,4.931920893422645,9.674799300778595
1777248240000,93.0,8.055087505222815,10.160398920974588
1777248300000,85.625,8.256147854672177,NaN
1777248480000,91.30952380952381,8.732754377594791,10.139176771511632
1777248420000,90.5,10.042181719829777,NaN
1777248360000,89.0,0.0,9.616926373437257
1777248540000,91.86666666666666,8.124554424734743,9.808830411520406
1777248600000,89.84615384615384,9.417684275988023,NaN
1777248660000,90.78571428571429,7.674314312840526,10.186912109126816
1777248720000,87.05660377358491,9.381227829130244,10.03675236199855
1777248780000,89.125,16.686674759768714,9.958411336401088
1777248840000,87.58333333333333,6.057950736281497,10.093937665413618
1777248900000,91.2,11.039388645780216,9.74905073241447
1777248960000,103.88235294117646,4.182600785608414,9.783082058633996
1777249020000,108.36363636363636,5.220148053928688,9.845036461456644
1777249080000,105.0,0.0,NaN
1777249140000,94.45454545454545,9.375452731458052,9.721926252753184
1777249200000,100.26470588235294,3.946653946761296,9.889802378227829
1777249320000,92.51219512195122,7.663709121271031,9.979470757544949
1777249260000,98.04255319148936,6.004208389453261,NaN
1777249380000,90.9074074074074,7.865778110827707,10.155286368302171
1777249440000,93.54545454545455,6.010708217191844,NaN
1777249500000,95.84615384615384,10.955302379643042,10.08282848989535
1777249560000,85.05084745762711,6.40969747926548,9.87540003967886
1777249620000,88.86666666666666,5.664504376488306,9.85488325377858
1777249680000,89.16666666666667,5.864105615016857,NaN
1777249740000,91.74285714285715,8.742488336449282,10.618548626900878
1777249800000,90.65853658536585,6.617396779709341,NaN
1777249860000,89.56818181818181,7.649705259396075,10.206434967599124
1777249920000,88.65384615384616,6.721159439916598,10.066672364597254
1777249980000,89.49019607843137,7.304301219505963,NaN
1777250040000,92.55555555555556,7.355224946382629,9.79233838039125
1777250100000,85.58974358974359,20.36086652014205,9.985471158070313
1777250160000,89.48076923076923,6.99856228397764,10.540712197810686
1777250220000,91.03030303030303,6.021865173889218,9.904390852485342
1777250280000,89.35593220338983,3.21404443252164,9.88569376874493
1777250340000,86.59322033898304,8.421206127888636,NaN
1777250400000,88.9047619047619,9.80955911375426,9.937686130608888
1777250460000,85.61111111111111,6.894589271942619,9.937633532031102
1777250520000,88.54545454545455,4.9963281222797,9.999876040887978
1777250580000,87.58974358974359,8.781612289153166,10.004143508813248
1777250640000,86.37735849056604,10.64360951823791,NaN
1777250940000,89.6829268292683,5.657205512584124,9.717578229438223
1777250700000,89.3859649122807,7.503308920197062,NaN
1777250760000,89.25714285714285,6.0896587851673605,NaN
1777250820000,90.39622641509433,4.938225192227433,NaN
1777250880000,93.18181818181819,7.209353728493273,NaN
1777251000000,88.42105263157895,6.7686265869759,9.982657059797743
1777251060000,84.64406779661017,5.856824799938096,NaN
1777251240000,86.85185185185185,5.434836817242033,9.653937245585324
1777251120000,86.1,4.336332548161814,NaN
1777251180000,89.45614035087719,6.312908937298582,NaN
1777251300000,86.95238095238095,4.950073215864906,NaN
1777251420000,83.71875,6.8748180516027375,9.449899249501273
1777251360000,87.3529411764706,9.183638308598919,NaN
1777251480000,78.85,9.326598236452195,NaN
1777251540000,77.36585365853658,12.787221736716093,10.372571293020506
1777251720000,84.45454545454545,9.018110785485877,9.594562752858756
1777251900000,83.83720930232558,5.583278789904383,9.693275747989556
1777251780000,87.65,15.116078204188414,NaN
1777251840000,84.38983050847457,4.387087482326784,NaN
1777251960000,89.38,7.588337960520579,10.332675665232978
1777252020000,88.13793103448276,5.489798882062648,NaN
1777252080000,86.9090909090909,5.561972535981835,10.016518978748433
1777252140000,84.96610169491525,6.33536897350832,9.692012363514175
1777252200000,88.17647058823529,5.13408257469201,NaN
1777252260000,89.0,4.791632223342578,9.817857870554544
1777252440000,81.96296296296296,5.46467808555725,9.786346418561589
1777252320000,88.0,7.215366425242999,9.795586485451478
1777252380000,89.06818181818181,7.472278576194155,NaN
1777252500000,85.6923076923077,8.816407066670221,9.631049668892983
1777252560000,88.83720930232558,9.485712625036156,9.951811585773687
1777252620000,91.02222222222223,6.90031918299677,10.29390637226068
1777252680000,89.26785714285714,8.120160155148243,9.338174363031412
1777252740000,88.35714285714286,9.939028000850836,NaN
1777252800000,84.94736842105263,8.924682737883261,NaN
1777252860000,79.8135593220339,8.713805575760704,NaN
1777252920000,84.89830508474576,6.211165817477188,NaN
1777252980000,84.28333333333333,6.07467122966732,NaN
1777253040000,81.38461538461539,11.263499906570921,10.190348752409673
1777253100000,90.25454545454545,6.809728873792614,9.618729034140536
1777253160000,87.71666666666667,4.564660830026916,NaN
1777253220000,87.42857142857143,6.755987949708703,9.894113895557414
1777253280000,85.65957446808511,8.49913139431271,10.10584108865256
1777253340000,92.54838709677419,10.245528844329447,10.404564969408991
1777253400000,91.97368421052632,6.112685321854345,9.975170696415054
1777253460000,85.89655172413794,6.253445312916908,9.924416246619158
1777253520000,83.74074074074075,11.819390468990429,10.464792465935519
1777253640000,85.52,8.656619073758261,9.803275290826498
1777253580000,83.27118644067797,11.454965966041426,NaN
1777253700000,86.4074074074074,5.775520286675866,9.783412455168909
1777253880000,80.69642857142857,10.56594703304179,9.693064193477463
1777253760000,86.69565217391305,3.859258646154456,NaN
1777253820000,87.77142857142857,7.800687031581681,NaN
1777253940000,75.86666666666666,8.0231198228577,NaN
1777254000000,78.55555555555556,11.195112287699935,9.831383599120503
1777254060000,83.77777777777777,5.269986537829497,NaN
1777254120000,86.22222222222223,17.894279890242498,10.139241961195337
1777254180000,88.0,20.78438762849117,NaN
1777254240000,77.27083333333333,15.065453696284292,NaN
1777254300000,77.07142857142857,20.505431410448246,NaN
1777254360000,77.47368421052632,7.1149425081599675,9.888791520188123
1777254540000,80.58333333333333,7.417162431340235,9.71625757204584
1777254720000,83.33898305084746,10.892199664972253,9.693314807782102
1777254420000,72.18333333333334,12.60956578573475,NaN
1777254480000,83.91666666666667,6.237667000404257,NaN
1777254600000,81.36842105263158,8.823079481932584,NaN
1777254660000,81.01694915254237,9.150565349840937,NaN
1777254780000,83.98039215686275,8.708346597061855,10.386617191805206
1777254840000,78.39583333333333,11.819864114574369,NaN
1777254900000,74.88372093023256,10.067308380150305,9.67295851551125
1777254960000,78.37288135593221,7.712028767683352,9.598164361574288
1777255020000,76.61666666666666,11.698924407865238,9.777042673095801
1777255080000,81.58620689655173,7.587553357452231,9.598581353099172
1777255140000,86.33333333333333,9.01481799724034,9.984434685842583
1777255200000,83.66666666666667,9.607998246063358,NaN
1777255260000,81.48717948717949,7.420610204661098,9.89957509832333
1777255320000,74.52941176470588,10.258151488510322,10.079018627540552
1777255560000,79.85714285714286,9.28932813696039,9.740959045433193
1777255380000,72.875,17.72746883844922,NaN
1777255740000,80.59574468085107,8.404185107543988,9.767149421255054
1777255440000,74.1951219512195,10.10765806913103,NaN
1777255620000,75.29166666666667,13.692968940051456,NaN
1777255800000,75.73809523809524,1.6439343356695308,NaN
1777255680000,80.15,8.078922671198919,NaN
1777255860000,74.53061224489795,10.815658300967348,NaN
1777255500000,78.43396226415095,6.089941238003686,NaN
1777255920000,80.59649122807018,11.243628184445555,9.82850367853643
1777255980000,83.5,10.088914341504841,10.011488576540508
1777256040000,83.37288135593221,8.641040066027102,10.032242436448497
1777256100000,74.97872340425532,15.017114714503823,9.735865201820912
1777256160000,87.08928571428571,6.871027123141059,NaN
1777256220000,78.84745762711864,10.346058995502379,NaN
1777256280000,75.23333333333333,11.28771049138268,NaN
1777258680000,116.0,1.9147615744047604,10.214687018362437
1777258800000,104.0,0.0,10.77774976121044
1777259340000,85.14285714285714,15.026143951889422,9.955453363134959
1777259400000,81.71428571428571,13.860132925377979,10.403599031938404
1777259460000,89.75,18.00592574868904,10.021429319811853
1777259520000,83.07142857142857,18.664154170986723,NaN
1777259580000,87.65217391304348,11.641281359125516,10.076121864641259
1777259640000,79.38461538461539,11.610175425908599,9.743254085086868
1777259700000,83.65625,9.96806469045067,9.821794198294475
1777259760000,83.5,8.605851979345857,NaN
1777259820000,84.66666666666667,9.281640073397659,NaN
1777259880000,79.57894736842105,10.068301010368922,9.787132138764742
1777259940000,78.16666666666667,13.252304751240368,10.039589589066237
1777260000000,78.38888888888889,9.245939445417335,NaN
1777260060000,76.5,10.252904989747094,10.239645351324574
1777260120000,78.68,20.751084221748748,10.768090532253218
1777260180000,86.13333333333334,8.578194445758767,NaN
1777260240000,84.28571428571429,10.283936183797417,NaN
1777260300000,86.76190476190476,12.494222438340737,9.972780636724753
1777260360000,85.57894736842105,16.919629758084824,10.09785189948159
1777260420000,88.61904761904762,15.150398829958352,9.871064375665696
1777260540000,86.53448275862068,5.275712831494235,9.659954851352612
1777260480000,89.94117647058823,11.175099611331845,NaN
1777260600000,81.32758620689656,16.23638807699348,NaN
1777260660000,89.80392156862744,7.505649112781763,NaN
1777260720000,94.25,7.2708799403408895,10.41878568721361
1777260780000,94.47619047619048,4.630059776628982,NaN
1777260840000,91.76470588235294,13.537519274482507,9.8193779557887
1777260900000,91.0,0.0,9.59847660338901
1777260960000,92.25925925925925,2.750576930409322,NaN
1777261080000,83.5813953488372,6.876112472507722,9.748740649539497
1777261140000,77.10344827586206,12.92491308241281,10.468604112020072
1777261200000,90.60714285714286,8.02848786476701,10.81990247684426
1777261260000,87.3125,11.204557517172633,9.67899337030258
1777261320000,80.96666666666667,9.029243865141723,9.602611366293216
1777261380000,79.23076923076923,10.324982537568248,9.96976401818782
1777261440000,87.7872340425532,8.109955184553051,10.076080494242484
1777261500000,86.64814814814815,7.634358005911062,10.20002800003167
1777261620000,82.83333333333333,1.9888711292578445,9.5901194863748
1777261560000,81.79661016949153,5.860528361334481,NaN
1777261680000,90.16216216216216,5.647263207346346,9.815317960010468
1777261740000,52.63157894736842,25.375369892178245,9.912662646330272
1777261800000,57.42307692307692,13.777102123433268,10.099931618236726
1777261860000,68.03125,17.716697717026666,NaN
1777261920000,84.36842105263158,9.025013951432062,10.076187592247114
1777262040000,87.39583333333333,10.005150124621034,9.574623891116325
1777261980000,88.66666666666667,7.540619197854254,NaN
1777262100000,87.61904761904762,10.52079095529995,9.477552146453847
1777262340000,83.425,8.178474970528788,9.090326649719684
1777262400000,87.66666666666667,5.148173172839549,9.50429036484868
1777262460000,79.32,20.216015542683742,9.790153893788094
1777262160000,87.73684210526316,6.787503291752402,NaN
1777262220000,90.2542372881356,5.806098626299387,NaN
1777262280000,86.91071428571429,6.77326854024561,NaN
1777262520000,83.82456140350877,10.32618763915961,9.71751823216364
1777262580000,83.3125,10.496784424281826,NaN
1777262640000,95.44444444444444,3.32465226106205,10.068600478822415
1777262700000,88.18867924528301,7.858816383112482,9.829397326496444
1777262760000,85.63793103448276,10.815589350472555,10.051754838734992
1777262820000,89.0,8.806274972897446,10.615249823767805
1777262940000,83.72972972972973,7.439677804393179,10.301566577010925
1777263000000,82.16949152542372,7.042970917026745,9.893176519965513
1777263060000,81.0,10.077404006067535,10.158068412859565
1777263180000,85.28888888888889,14.454387797592561,9.825496643777484
1777263120000,84.4423076923077,9.579139263684585,NaN
1777263240000,88.82222222222222,9.223224906940038,9.826242287860351
